timestamp_window_start,cliente_ip,protocolo,bytes_entrada,bytes_saida
2025-09-30 12:05:40,192.168.0.10,FTP,1835,0
2025-09-30 12:05:40,192.168.0.13,TCP_OTHER,1631,0
2025-09-30 12:05:40,192.168.0.11,HTTPS,1650,0
2025-09-30 12:05:40,192.168.0.12,TCP_OTHER,2494,0
2025-09-30 12:05:40,192.168.0.13,UDP_OTHER,1320,0
2025-09-30 12:05:40,192.168.0.11,HTTP,864,0
2025-09-30 12:05:40,192.168.0.13,FTP,0,828
2025-09-30 12:05:40,192.168.0.12,HTTP,0,1777
2025-09-30 12:05:40,192.168.0.12,FTP,0,1858
2025-09-30 12:05:40,192.168.0.10,UDP_OTHER,1635,0
2025-09-30 12:05:40,192.168.0.14,UDP_OTHER,0,469
2025-09-30 12:05:40,192.168.0.12,UDP_OTHER,0,1951
2025-09-30 12:05:40,192.168.0.11,UDP_OTHER,632,523
2025-09-30 12:05:40,192.168.0.12,TCP_OTHER,0,1432
2025-09-30 12:05:40,192.168.0.14,HTTP,2389,0
2025-09-30 12:05:40,192.168.0.10,FTP,1900,0
2025-09-30 12:05:40,192.168.0.14,UDP_OTHER,2182,0
2025-09-30 12:05:40,192.168.0.14,HTTPS,1981,0
2025-09-30 12:05:40,192.168.0.10,HTTP,190,0
2025-09-30 12:05:40,192.168.0.14,FTP,977,0
2025-09-30 12:05:40,192.168.0.12,HTTP,428,0
2025-09-30 12:05:40,192.168.0.14,FTP,0,688
2025-09-30 12:05:40,192.168.0.12,HTTP,1343,0
2025-09-30 12:05:40,192.168.0.11,TCP_OTHER,748,956
2025-09-30 12:05:40,192.168.0.10,TCP_OTHER,479,0
2025-09-30 12:05:40,192.168.0.12,TCP_OTHER,213,0
2025-09-30 12:05:40,192.168.0.11,HTTP,349,0
2025-09-30 12:05:40,192.168.0.14,HTTP,0,630
2025-09-30 12:05:40,192.168.0.12,HTTPS,0,240
2025-09-30 12:05:40,192.168.0.13,HTTP,646,0
2025-09-30 12:05:40,192.168.0.11,HTTPS,0,1982
2025-09-30 12:05:40,192.168.0.10,HTTPS,922,0
2025-09-30 12:05:40,192.168.0.14,UDP_OTHER,0,529
2025-09-30 12:05:40,192.168.0.10,TCP_OTHER,0,250
2025-09-30 12:05:40,192.168.0.12,FTP,475,1977
2025-09-30 12:05:40,192.168.0.11,TCP_OTHER,0,741
2025-09-30 12:05:40,192.168.0.13,TCP_OTHER,1728,0
2025-09-30 12:05:40,192.168.0.13,HTTPS,118,0
2025-09-30 12:05:45,192.168.0.10,FTP,710,0
2025-09-30 12:05:45,192.168.0.10,HTTP,3438,0
2025-09-30 12:05:45,192.168.0.14,HTTP,0,1788
2025-09-30 12:05:45,192.168.0.13,HTTP,2200,2261
2025-09-30 12:05:45,192.168.0.14,HTTPS,3646,511
2025-09-30 12:05:45,192.168.0.13,TCP_OTHER,4268,146
2025-09-30 12:05:45,192.168.0.11,TCP_OTHER,1724,0
2025-09-30 12:05:45,192.168.0.14,TCP_OTHER,125,0
2025-09-30 12:05:45,192.168.0.12,UDP_OTHER,0,359
2025-09-30 12:05:45,192.168.0.13,HTTPS,128,0
2025-09-30 12:05:45,192.168.0.10,HTTPS,572,0
2025-09-30 12:05:45,192.168.0.11,TCP_OTHER,0,1941
2025-09-30 12:05:45,192.168.0.12,FTP,768,1976
2025-09-30 12:05:45,192.168.0.13,HTTP,0,460
2025-09-30 12:05:45,192.168.0.11,UDP_OTHER,264,0
2025-09-30 12:05:45,192.168.0.10,HTTPS,0,1244
2025-09-30 12:05:45,192.168.0.12,TCP_OTHER,1648,1828
2025-09-30 12:05:45,192.168.0.13,FTP,0,1800
2025-09-30 12:05:45,192.168.0.14,TCP_OTHER,0,1021
2025-09-30 12:05:45,192.168.0.11,HTTPS,797,0
2025-09-30 12:05:45,192.168.0.13,HTTPS,211,0
2025-09-30 12:05:45,192.168.0.12,HTTPS,172,0
2025-09-30 12:05:45,192.168.0.12,HTTP,0,1304
2025-09-30 12:05:45,192.168.0.14,FTP,915,0
2025-09-30 12:05:45,192.168.0.10,FTP,0,971
2025-09-30 12:05:45,192.168.0.13,TCP_OTHER,394,0
2025-09-30 12:05:45,192.168.0.11,HTTP,0,605
2025-09-30 12:05:45,192.168.0.12,FTP,0,895
2025-09-30 12:05:45,192.168.0.10,FTP,957,906
2025-09-30 12:05:45,192.168.0.14,TCP_OTHER,1898,0
2025-09-30 12:05:45,192.168.0.12,TCP_OTHER,331,0
2025-09-30 12:05:45,192.168.0.13,UDP_OTHER,2134,1517
2025-09-30 12:05:45,192.168.0.10,HTTP,802,0
2025-09-30 12:05:45,192.168.0.13,HTTPS,0,1504
2025-09-30 12:05:45,192.168.0.12,UDP_OTHER,859,0
2025-09-30 12:05:45,192.168.0.10,HTTPS,110,0
2025-09-30 12:05:45,192.168.0.10,UDP_OTHER,851,0
2025-09-30 12:05:45,192.168.0.13,TCP_OTHER,0,1323
2025-09-30 12:05:45,192.168.0.11,HTTPS,112,0
2025-09-30 12:05:45,192.168.0.12,HTTPS,0,124
2025-09-30 12:05:45,192.168.0.10,TCP_OTHER,0,1709
2025-09-30 12:05:45,192.168.0.13,FTP,0,1273
2025-09-30 12:05:45,192.168.0.10,TCP_OTHER,0,1749
2025-09-30 12:05:45,192.168.0.10,HTTP,1630,0
2025-09-30 12:05:45,192.168.0.12,FTP,0,1542
2025-09-30 12:05:45,192.168.0.14,HTTPS,1202,0
2025-09-30 12:05:45,192.168.0.14,UDP_OTHER,0,1223
2025-09-30 12:05:45,192.168.0.14,TCP_OTHER,3060,0
2025-09-30 12:05:45,192.168.0.14,FTP,1427,0
2025-09-30 12:05:45,192.168.0.11,HTTP,0,1451
2025-09-30 12:05:45,192.168.0.11,HTTPS,2070,0
2025-09-30 12:05:45,192.168.0.13,FTP,1353,0
2025-09-30 12:05:45,192.168.0.13,TCP_OTHER,1768,0
2025-09-30 12:05:50,192.168.0.11,UDP_OTHER,285,2484
2025-09-30 12:05:50,192.168.0.13,HTTP,666,1113
2025-09-30 12:05:50,192.168.0.11,HTTPS,273,0
2025-09-30 12:05:50,192.168.0.13,HTTPS,0,801
2025-09-30 12:05:50,192.168.0.13,UDP_OTHER,717,0
2025-09-30 12:05:50,192.168.0.10,HTTPS,1176,0
2025-09-30 12:05:50,192.168.0.10,UDP_OTHER,3128,0
2025-09-30 12:05:50,192.168.0.12,HTTPS,2034,0
2025-09-30 12:05:50,192.168.0.11,TCP_OTHER,0,1460
2025-09-30 12:05:50,192.168.0.12,FTP,855,1110
2025-09-30 12:05:50,192.168.0.14,UDP_OTHER,1270,2670
2025-09-30 12:05:50,192.168.0.12,UDP_OTHER,2444,0
2025-09-30 12:05:50,192.168.0.12,TCP_OTHER,1040,338
2025-09-30 12:05:50,192.168.0.10,HTTP,1216,0
2025-09-30 12:05:50,192.168.0.11,HTTP,0,1268
2025-09-30 12:05:50,192.168.0.14,FTP,616,0
2025-09-30 12:05:50,192.168.0.10,HTTPS,804,1847
2025-09-30 12:05:50,192.168.0.12,HTTPS,0,2463
2025-09-30 12:05:50,192.168.0.11,HTTP,0,1897
2025-09-30 12:05:50,192.168.0.10,FTP,1657,1836
2025-09-30 12:05:50,192.168.0.11,FTP,0,507
2025-09-30 12:05:50,192.168.0.10,TCP_OTHER,1621,0
2025-09-30 12:05:50,192.168.0.13,HTTPS,396,0
2025-09-30 12:05:50,192.168.0.14,HTTP,0,863
2025-09-30 12:05:50,192.168.0.11,HTTPS,140,0
2025-09-30 12:05:50,192.168.0.14,TCP_OTHER,137,0
2025-09-30 12:05:50,192.168.0.13,UDP_OTHER,0,1140
2025-09-30 12:05:50,192.168.0.10,HTTP,707,0
2025-09-30 12:05:50,192.168.0.13,FTP,0,468
2025-09-30 12:05:50,192.168.0.11,TCP_OTHER,0,585
2025-09-30 12:05:50,192.168.0.12,TCP_OTHER,663,0
2025-09-30 12:05:50,192.168.0.12,FTP,401,0
2025-09-30 12:05:50,192.168.0.14,UDP_OTHER,127,0
2025-09-30 12:05:50,192.168.0.12,HTTP,1729,0
2025-09-30 12:05:50,192.168.0.14,FTP,0,1598
2025-09-30 12:05:50,192.168.0.10,TCP_OTHER,0,2314
2025-09-30 12:05:50,192.168.0.11,FTP,1906,0
2025-09-30 12:05:50,192.168.0.11,UDP_OTHER,2435,0
2025-09-30 12:05:50,192.168.0.14,UDP_OTHER,1713,0
2025-09-30 12:05:50,192.168.0.10,FTP,0,1652
2025-09-30 12:05:50,192.168.0.12,HTTPS,1865,0
2025-09-30 12:05:50,192.168.0.10,HTTPS,2175,1357
2025-09-30 12:05:50,192.168.0.10,HTTP,1930,0
2025-09-30 12:05:50,192.168.0.13,FTP,1965,0
2025-09-30 12:05:50,192.168.0.12,UDP_OTHER,1366,0
2025-09-30 12:05:50,192.168.0.11,HTTPS,536,0
2025-09-30 12:05:50,192.168.0.13,HTTPS,777,0
2025-09-30 12:05:50,192.168.0.13,UDP_OTHER,234,0
2025-09-30 12:05:50,192.168.0.10,UDP_OTHER,1722,0
2025-09-30 12:05:50,192.168.0.14,TCP_OTHER,759,0
2025-09-30 12:05:50,192.168.0.10,TCP_OTHER,1463,170
2025-09-30 12:05:50,192.168.0.11,TCP_OTHER,1084,0
2025-09-30 12:05:50,192.168.0.14,FTP,479,0
2025-09-30 12:05:50,192.168.0.13,TCP_OTHER,1457,0
2025-09-30 12:05:50,192.168.0.12,HTTPS,1951,0
2025-09-30 12:05:50,192.168.0.12,UDP_OTHER,0,1469
2025-09-30 12:05:50,192.168.0.10,FTP,1902,0
2025-09-30 12:05:50,192.168.0.12,FTP,1595,0
2025-09-30 12:05:50,192.168.0.11,UDP_OTHER,1535,0
2025-09-30 12:05:50,192.168.0.13,HTTPS,190,0
2025-09-30 12:05:50,192.168.0.10,FTP,1960,0
2025-09-30 12:05:50,192.168.0.10,UDP_OTHER,1684,0
2025-09-30 12:05:50,192.168.0.11,HTTPS,1923,0
2025-09-30 12:05:50,192.168.0.12,TCP_OTHER,1394,0
2025-09-30 12:05:50,192.168.0.14,UDP_OTHER,962,0
2025-09-30 12:05:55,192.168.0.13,HTTP,1547,1789
2025-09-30 12:05:55,192.168.0.10,HTTPS,837,971
2025-09-30 12:05:55,192.168.0.10,HTTP,986,0
2025-09-30 12:05:55,192.168.0.14,HTTPS,2990,0
2025-09-30 12:05:55,192.168.0.11,UDP_OTHER,1781,0
2025-09-30 12:05:55,192.168.0.14,TCP_OTHER,0,1037
2025-09-30 12:05:55,192.168.0.14,UDP_OTHER,1403,0
2025-09-30 12:05:55,192.168.0.11,TCP_OTHER,2180,0
2025-09-30 12:05:55,192.168.0.14,HTTP,0,1684
2025-09-30 12:05:55,192.168.0.13,TCP_OTHER,1369,1636
2025-09-30 12:05:55,192.168.0.12,UDP_OTHER,1398,1823
2025-09-30 12:05:55,192.168.0.13,HTTPS,1839,0
2025-09-30 12:05:55,192.168.0.10,TCP_OTHER,1970,0
2025-09-30 12:05:55,192.168.0.12,HTTPS,0,1719
2025-09-30 12:05:55,192.168.0.11,FTP,0,336
2025-09-30 12:05:55,192.168.0.13,FTP,1733,0
2025-09-30 12:05:55,192.168.0.10,UDP_OTHER,1674,0
2025-09-30 12:05:55,192.168.0.11,HTTPS,0,1843
2025-09-30 12:05:55,192.168.0.13,UDP_OTHER,0,1661
2025-09-30 12:05:55,192.168.0.11,HTTPS,0,1078
2025-09-30 12:05:55,192.168.0.11,TCP_OTHER,1829,0
2025-09-30 12:05:55,192.168.0.13,FTP,2612,0
2025-09-30 12:05:55,192.168.0.11,UDP_OTHER,1552,2427
2025-09-30 12:05:55,192.168.0.13,TCP_OTHER,0,2920
2025-09-30 12:05:55,192.168.0.11,FTP,2982,0
2025-09-30 12:05:55,192.168.0.13,UDP_OTHER,436,1597
2025-09-30 12:05:55,192.168.0.10,HTTP,669,0
2025-09-30 12:05:55,192.168.0.14,TCP_OTHER,1046,0
2025-09-30 12:05:55,192.168.0.12,HTTP,2455,1200
2025-09-30 12:05:55,192.168.0.14,HTTP,1789,0
2025-09-30 12:05:55,192.168.0.10,HTTPS,1426,0
2025-09-30 12:05:55,192.168.0.12,TCP_OTHER,1296,0
2025-09-30 12:05:55,192.168.0.10,UDP_OTHER,0,1286
2025-09-30 12:05:55,192.168.0.14,HTTP,2809,0
2025-09-30 12:05:55,192.168.0.13,HTTPS,0,1171
2025-09-30 12:05:55,192.168.0.11,HTTP,0,1771
2025-09-30 12:05:55,192.168.0.13,TCP_OTHER,2222,455
2025-09-30 12:05:55,192.168.0.12,HTTPS,953,1150
2025-09-30 12:05:55,192.168.0.11,TCP_OTHER,296,1164
2025-09-30 12:05:55,192.168.0.13,HTTP,1038,0
2025-09-30 12:05:55,192.168.0.10,UDP_OTHER,934,1084
2025-09-30 12:05:55,192.168.0.14,UDP_OTHER,412,1483
2025-09-30 12:05:55,192.168.0.10,FTP,1593,1240
2025-09-30 12:05:55,192.168.0.12,HTTP,833,0
2025-09-30 12:05:55,192.168.0.13,FTP,468,0
2025-09-30 12:05:55,192.168.0.12,TCP_OTHER,0,1861
2025-09-30 12:05:55,192.168.0.11,HTTPS,1742,0
2025-09-30 12:05:55,192.168.0.13,TCP_OTHER,1854,0
2025-09-30 12:05:55,192.168.0.13,FTP,3588,1481
2025-09-30 12:05:55,192.168.0.11,HTTP,672,0
2025-09-30 12:05:55,192.168.0.10,HTTPS,1959,584
2025-09-30 12:05:55,192.168.0.14,TCP_OTHER,2218,0
2025-09-30 12:05:55,192.168.0.14,HTTPS,2237,0
2025-09-30 12:05:55,192.168.0.12,HTTP,1460,1684
2025-09-30 12:05:55,192.168.0.14,HTTP,0,1765
2025-09-30 12:05:55,192.168.0.12,UDP_OTHER,155,0
2025-09-30 12:05:55,192.168.0.10,HTTP,0,2102
2025-09-30 12:05:55,192.168.0.11,HTTP,225,0
2025-09-30 12:05:55,192.168.0.12,UDP_OTHER,448,0
2025-09-30 12:05:55,192.168.0.12,FTP,0,775
2025-09-30 12:05:55,192.168.0.12,TCP_OTHER,816,0
2025-09-30 12:06:00,192.168.0.10,HTTP,1806,0
2025-09-30 12:06:00,192.168.0.11,HTTP,0,791
2025-09-30 12:06:00,192.168.0.13,HTTP,1821,0
2025-09-30 12:06:00,192.168.0.14,HTTPS,0,1150
2025-09-30 12:06:00,192.168.0.12,HTTP,461,1232
2025-09-30 12:06:00,192.168.0.13,TCP_OTHER,1699,1276
2025-09-30 12:06:00,192.168.0.13,UDP_OTHER,612,956
2025-09-30 12:06:00,192.168.0.13,HTTPS,3310,0
2025-09-30 12:06:00,192.168.0.12,HTTPS,1327,0
2025-09-30 12:06:00,192.168.0.14,UDP_OTHER,0,969
2025-09-30 12:06:00,192.168.0.10,TCP_OTHER,0,276
2025-09-30 12:06:00,192.168.0.14,TCP_OTHER,0,1606
2025-09-30 12:06:00,192.168.0.13,FTP,2080,371
2025-09-30 12:06:00,192.168.0.11,FTP,0,966
2025-09-30 12:06:00,192.168.0.11,UDP_OTHER,1217,189
2025-09-30 12:06:00,192.168.0.10,UDP_OTHER,1816,851
2025-09-30 12:06:00,192.168.0.14,HTTP,682,0
2025-09-30 12:06:00,192.168.0.12,TCP_OTHER,0,1940
2025-09-30 12:06:00,192.168.0.12,FTP,0,1288
2025-09-30 12:06:00,192.168.0.10,HTTPS,412,0
2025-09-30 12:06:00,192.168.0.10,FTP,0,1320
2025-09-30 12:06:00,192.168.0.13,HTTPS,1940,1819
2025-09-30 12:06:00,192.168.0.12,FTP,1741,0
2025-09-30 12:06:00,192.168.0.14,FTP,3059,0
2025-09-30 12:06:00,192.168.0.14,TCP_OTHER,874,0
2025-09-30 12:06:00,192.168.0.10,HTTP,3596,0
2025-09-30 12:06:00,192.168.0.10,TCP_OTHER,201,0
2025-09-30 12:06:00,192.168.0.12,TCP_OTHER,0,1996
2025-09-30 12:06:00,192.168.0.10,HTTPS,0,1990
2025-09-30 12:06:00,192.168.0.13,UDP_OTHER,1357,0
2025-09-30 12:06:00,192.168.0.11,HTTP,1589,0
2025-09-30 12:06:00,192.168.0.14,FTP,268,402
2025-09-30 12:06:00,192.168.0.12,UDP_OTHER,3564,1949
2025-09-30 12:06:00,192.168.0.10,UDP_OTHER,1001,0
2025-09-30 12:06:00,192.168.0.13,FTP,647,1752
2025-09-30 12:06:00,192.168.0.11,HTTPS,0,1682
2025-09-30 12:06:00,192.168.0.12,TCP_OTHER,498,1061
2025-09-30 12:06:00,192.168.0.14,HTTPS,2431,2453
2025-09-30 12:06:00,192.168.0.13,HTTP,437,0
2025-09-30 12:06:00,192.168.0.12,HTTP,0,531
2025-09-30 12:06:00,192.168.0.13,UDP_OTHER,1610,0
2025-09-30 12:06:00,192.168.0.11,FTP,1349,0
2025-09-30 12:06:00,192.168.0.11,TCP_OTHER,0,1523
2025-09-30 12:06:00,192.168.0.10,HTTPS,0,1291
2025-09-30 12:06:00,192.168.0.12,FTP,0,382
2025-09-30 12:06:00,192.168.0.11,TCP_OTHER,0,291
2025-09-30 12:06:00,192.168.0.12,UDP_OTHER,2569,1950
2025-09-30 12:06:00,192.168.0.12,HTTP,1068,1758
2025-09-30 12:06:00,192.168.0.10,HTTP,1556,0
2025-09-30 12:06:00,192.168.0.10,UDP_OTHER,1497,0
2025-09-30 12:06:00,192.168.0.10,FTP,223,0
2025-09-30 12:06:00,192.168.0.13,UDP_OTHER,0,117
2025-09-30 12:06:00,192.168.0.12,HTTPS,152,0
2025-09-30 12:06:00,192.168.0.14,HTTPS,0,429
2025-09-30 12:06:00,192.168.0.11,UDP_OTHER,576,0
2025-09-30 12:06:00,192.168.0.12,TCP_OTHER,0,1517
2025-09-30 12:06:05,192.168.0.14,HTTP,5204,0
2025-09-30 12:06:05,192.168.0.12,TCP_OTHER,0,3657
2025-09-30 12:06:05,192.168.0.12,HTTPS,2996,0
2025-09-30 12:06:05,192.168.0.13,FTP,3517,1167
2025-09-30 12:06:05,192.168.0.11,FTP,685,2008
2025-09-30 12:06:05,192.168.0.12,FTP,2764,1771
2025-09-30 12:06:05,192.168.0.10,UDP_OTHER,1761,1495
2025-09-30 12:06:05,192.168.0.14,TCP_OTHER,0,583
2025-09-30 12:06:05,192.168.0.11,UDP_OTHER,325,103
2025-09-30 12:06:05,192.168.0.10,FTP,1614,0
2025-09-30 12:06:05,192.168.0.14,FTP,2957,0
2025-09-30 12:06:05,192.168.0.11,TCP_OTHER,288,0
2025-09-30 12:06:05,192.168.0.11,HTTP,1792,0
2025-09-30 12:06:05,192.168.0.11,HTTPS,304,285
2025-09-30 12:06:05,192.168.0.14,HTTPS,4627,0
2025-09-30 12:06:05,192.168.0.10,TCP_OTHER,1109,0
2025-09-30 12:06:05,192.168.0.11,UDP_OTHER,0,929
2025-09-30 12:06:05,192.168.0.12,TCP_OTHER,1391,0
2025-09-30 12:06:05,192.168.0.11,HTTPS,547,0
2025-09-30 12:06:05,192.168.0.14,FTP,197,0
2025-09-30 12:06:05,192.168.0.14,UDP_OTHER,1878,0
2025-09-30 12:06:05,192.168.0.10,HTTP,163,210
2025-09-30 12:06:05,192.168.0.11,TCP_OTHER,0,2000
2025-09-30 12:06:05,192.168.0.12,HTTP,1287,0
2025-09-30 12:06:05,192.168.0.14,FTP,1947,136
2025-09-30 12:06:05,192.168.0.11,UDP_OTHER,1256,0
2025-09-30 12:06:05,192.168.0.10,FTP,1896,0
2025-09-30 12:06:05,192.168.0.11,TCP_OTHER,974,1191
2025-09-30 12:06:05,192.168.0.10,HTTP,185,1084
2025-09-30 12:06:05,192.168.0.14,UDP_OTHER,0,1350
2025-09-30 12:06:05,192.168.0.11,HTTPS,0,1752
2025-09-30 12:06:05,192.168.0.12,FTP,813,0
2025-09-30 12:06:05,192.168.0.13,HTTP,295,128
2025-09-30 12:06:05,192.168.0.13,HTTPS,0,668
2025-09-30 12:06:05,192.168.0.13,UDP_OTHER,0,511
2025-09-30 12:06:05,192.168.0.10,HTTPS,0,1065
2025-09-30 12:06:05,192.168.0.10,UDP_OTHER,0,1218
2025-09-30 12:06:05,192.168.0.11,HTTP,0,1148
2025-09-30 12:06:05,192.168.0.14,FTP,363,0
2025-09-30 12:06:05,192.168.0.10,TCP_OTHER,930,0
2025-09-30 12:06:05,192.168.0.13,HTTP,1570,0
2025-09-30 12:06:05,192.168.0.13,UDP_OTHER,583,0
2025-09-30 12:06:05,192.168.0.10,FTP,205,0
2025-09-30 12:06:05,192.168.0.10,HTTPS,908,0
2025-09-30 12:06:05,192.168.0.12,FTP,820,0
2025-09-30 12:06:05,192.168.0.14,HTTP,3156,0
2025-09-30 12:06:05,192.168.0.10,UDP_OTHER,320,0
2025-09-30 12:06:05,192.168.0.10,HTTP,738,0
2025-09-30 12:06:05,192.168.0.11,FTP,118,0
2025-09-30 12:06:10,192.168.0.12,HTTP,1167,1884
2025-09-30 12:06:10,192.168.0.11,FTP,2133,0
2025-09-30 12:06:10,192.168.0.11,UDP_OTHER,1699,0
2025-09-30 12:06:10,192.168.0.13,HTTPS,1336,1140
2025-09-30 12:06:10,192.168.0.14,FTP,2673,974
2025-09-30 12:06:10,192.168.0.12,UDP_OTHER,4035,1154
2025-09-30 12:06:10,192.168.0.12,HTTPS,871,0
2025-09-30 12:06:10,192.168.0.13,UDP_OTHER,0,1982
2025-09-30 12:06:10,192.168.0.10,HTTPS,1398,0
2025-09-30 12:06:10,192.168.0.14,TCP_OTHER,1297,2341
2025-09-30 12:06:10,192.168.0.10,FTP,1956,869
2025-09-30 12:06:10,192.168.0.14,UDP_OTHER,0,3883
2025-09-30 12:06:10,192.168.0.12,TCP_OTHER,322,1408
2025-09-30 12:06:10,192.168.0.13,FTP,2004,0
2025-09-30 12:06:10,192.168.0.11,HTTPS,1215,957
2025-09-30 12:06:10,192.168.0.10,TCP_OTHER,801,0
2025-09-30 12:06:10,192.168.0.14,HTTP,0,522
2025-09-30 12:06:10,192.168.0.11,HTTP,970,0
2025-09-30 12:06:10,192.168.0.13,TCP_OTHER,378,0
2025-09-30 12:06:10,192.168.0.14,HTTPS,1350,0
2025-09-30 12:06:10,192.168.0.13,TCP_OTHER,0,780
2025-09-30 12:06:10,192.168.0.12,FTP,1580,1621
2025-09-30 12:06:10,192.168.0.12,UDP_OTHER,2063,1767
2025-09-30 12:06:10,192.168.0.14,UDP_OTHER,412,0
2025-09-30 12:06:10,192.168.0.11,UDP_OTHER,1638,1803
2025-09-30 12:06:10,192.168.0.10,TCP_OTHER,118,0
2025-09-30 12:06:10,192.168.0.14,HTTPS,1879,0
2025-09-30 12:06:10,192.168.0.11,TCP_OTHER,1860,1146
2025-09-30 12:06:10,192.168.0.14,TCP_OTHER,1251,0
2025-09-30 12:06:10,192.168.0.14,FTP,1809,0
2025-09-30 12:06:10,192.168.0.11,HTTP,110,0
2025-09-30 12:06:10,192.168.0.10,FTP,0,275
2025-09-30 12:06:10,192.168.0.13,HTTP,423,0
2025-09-30 12:06:10,192.168.0.13,HTTPS,0,1474
2025-09-30 12:06:10,192.168.0.13,FTP,356,0
2025-09-30 12:06:10,192.168.0.14,TCP_OTHER,2602,0
2025-09-30 12:06:10,192.168.0.12,HTTPS,0,1594
2025-09-30 12:06:10,192.168.0.11,FTP,1163,1965
2025-09-30 12:06:10,192.168.0.10,TCP_OTHER,544,828
2025-09-30 12:06:10,192.168.0.11,UDP_OTHER,1502,0
2025-09-30 12:06:10,192.168.0.12,TCP_OTHER,0,299
2025-09-30 12:06:10,192.168.0.14,FTP,791,0
2025-09-30 12:06:10,192.168.0.14,HTTPS,1281,687
2025-09-30 12:06:10,192.168.0.13,HTTP,1156,1771
2025-09-30 12:06:10,192.168.0.10,UDP_OTHER,3083,0
2025-09-30 12:06:10,192.168.0.10,HTTPS,165,0
2025-09-30 12:06:10,192.168.0.14,HTTP,1595,0
2025-09-30 12:06:10,192.168.0.10,HTTP,0,1801
2025-09-30 12:06:10,192.168.0.12,UDP_OTHER,1734,0
2025-09-30 12:06:10,192.168.0.14,UDP_OTHER,1957,0
2025-09-30 12:06:10,192.168.0.13,UDP_OTHER,2171,0
2025-09-30 12:06:10,192.168.0.14,TCP_OTHER,0,1797
2025-09-30 12:06:10,192.168.0.11,HTTPS,3332,0
2025-09-30 12:06:10,192.168.0.11,TCP_OTHER,0,1823
2025-09-30 12:06:10,192.168.0.14,FTP,1862,0
2025-09-30 12:06:10,192.168.0.11,HTTP,1833,0
2025-09-30 12:06:15,192.168.0.12,HTTP,1755,0
2025-09-30 12:06:15,192.168.0.12,UDP_OTHER,2303,993
2025-09-30 12:06:15,192.168.0.10,HTTP,476,0
2025-09-30 12:06:15,192.168.0.10,FTP,736,0
2025-09-30 12:06:15,192.168.0.13,UDP_OTHER,547,0
2025-09-30 12:06:15,192.168.0.14,HTTP,428,0
2025-09-30 12:06:15,192.168.0.12,HTTPS,1317,0
2025-09-30 12:06:15,192.168.0.12,TCP_OTHER,0,765
2025-09-30 12:06:15,192.168.0.14,UDP_OTHER,1952,0
2025-09-30 12:06:15,192.168.0.11,UDP_OTHER,0,675
2025-09-30 12:06:15,192.168.0.13,TCP_OTHER,1882,0
2025-09-30 12:06:15,192.168.0.10,UDP_OTHER,0,1786
2025-09-30 12:06:15,192.168.0.10,FTP,1720,0
2025-09-30 12:06:15,192.168.0.12,TCP_OTHER,1724,1920
2025-09-30 12:06:15,192.168.0.11,HTTP,115,0
2025-09-30 12:06:15,192.168.0.14,FTP,0,978
2025-09-30 12:06:15,192.168.0.14,HTTPS,0,2043
2025-09-30 12:06:15,192.168.0.12,HTTP,3473,0
2025-09-30 12:06:15,192.168.0.13,TCP_OTHER,0,779
2025-09-30 12:06:15,192.168.0.13,FTP,1885,0
2025-09-30 12:06:15,192.168.0.11,HTTPS,773,0
2025-09-30 12:06:15,192.168.0.14,HTTP,0,465
2025-09-30 12:06:15,192.168.0.11,TCP_OTHER,809,0
2025-09-30 12:06:15,192.168.0.10,FTP,798,302
2025-09-30 12:06:15,192.168.0.13,TCP_OTHER,1560,250
2025-09-30 12:06:15,192.168.0.10,HTTPS,1882,0
2025-09-30 12:06:15,192.168.0.14,UDP_OTHER,1688,0
2025-09-30 12:06:15,192.168.0.10,TCP_OTHER,1907,0
2025-09-30 12:06:15,192.168.0.12,HTTP,190,0
2025-09-30 12:06:15,192.168.0.13,HTTP,1537,0
2025-09-30 12:06:15,192.168.0.10,HTTP,803,0
2025-09-30 12:06:15,192.168.0.12,UDP_OTHER,1571,0
2025-09-30 12:06:15,192.168.0.13,HTTPS,1945,0
2025-09-30 12:06:15,192.168.0.11,FTP,887,684
2025-09-30 12:06:15,192.168.0.11,TCP_OTHER,738,0
2025-09-30 12:06:15,192.168.0.10,FTP,1591,0
2025-09-30 12:06:15,192.168.0.13,UDP_OTHER,480,1576
2025-09-30 12:06:15,192.168.0.12,HTTP,541,0
2025-09-30 12:06:15,192.168.0.13,FTP,1516,987
2025-09-30 12:06:15,192.168.0.14,HTTP,682,0
2025-09-30 12:06:15,192.168.0.12,HTTPS,0,1238
2025-09-30 12:06:15,192.168.0.10,TCP_OTHER,0,1617
2025-09-30 12:06:15,192.168.0.12,UDP_OTHER,507,0
2025-09-30 12:06:15,192.168.0.10,HTTPS,0,548
2025-09-30 12:06:15,192.168.0.12,FTP,0,744
2025-09-30 12:06:15,192.168.0.10,HTTP,0,1218
2025-09-30 12:06:15,192.168.0.10,TCP_OTHER,1784,0
2025-09-30 12:06:15,192.168.0.12,TCP_OTHER,0,1967
2025-09-30 12:06:15,192.168.0.10,HTTPS,301,0
2025-09-30 12:06:15,192.168.0.10,FTP,0,334
2025-09-30 12:06:15,192.168.0.14,FTP,1689,0
2025-09-30 12:06:15,192.168.0.13,UDP_OTHER,660,0
2025-09-30 12:06:15,192.168.0.12,HTTP,2227,0
2025-09-30 12:06:15,192.168.0.10,UDP_OTHER,916,0
2025-09-30 12:06:15,192.168.0.11,FTP,0,1274
2025-09-30 12:06:15,192.168.0.14,HTTP,694,0
2025-09-30 12:06:15,192.168.0.11,TCP_OTHER,0,1756
2025-09-30 12:06:15,192.168.0.13,HTTPS,1382,0
2025-09-30 12:06:15,192.168.0.13,TCP_OTHER,0,972
2025-09-30 12:06:15,192.168.0.14,HTTPS,0,144
2025-09-30 12:06:15,192.168.0.11,HTTPS,0,737
2025-09-30 12:06:15,192.168.0.13,HTTP,1085,0
2025-09-30 12:06:15,192.168.0.12,HTTPS,144,0
2025-09-30 12:06:20,192.168.0.13,FTP,1706,1372
2025-09-30 12:06:20,192.168.0.12,HTTP,0,146
2025-09-30 12:06:20,192.168.0.13,HTTPS,1387,1542
2025-09-30 12:06:20,192.168.0.14,UDP_OTHER,1755,1071
2025-09-30 12:06:20,192.168.0.14,HTTP,1728,1094
2025-09-30 12:06:20,192.168.0.14,TCP_OTHER,1413,608
2025-09-30 12:06:20,192.168.0.13,UDP_OTHER,1717,0
2025-09-30 12:06:20,192.168.0.10,HTTP,2794,1751
2025-09-30 12:06:20,192.168.0.12,UDP_OTHER,1578,0
2025-09-30 12:06:20,192.168.0.10,TCP_OTHER,411,0
2025-09-30 12:06:20,192.168.0.13,TCP_OTHER,0,1468
2025-09-30 12:06:20,192.168.0.10,HTTPS,0,1781
2025-09-30 12:06:20,192.168.0.10,HTTP,0,2703
2025-09-30 12:06:20,192.168.0.11,HTTP,0,857
2025-09-30 12:06:20,192.168.0.13,HTTPS,3218,0
2025-09-30 12:06:20,192.168.0.11,UDP_OTHER,0,362
2025-09-30 12:06:20,192.168.0.14,UDP_OTHER,0,504
2025-09-30 12:06:20,192.168.0.12,HTTPS,2197,2254
2025-09-30 12:06:20,192.168.0.12,TCP_OTHER,1258,0
2025-09-30 12:06:20,192.168.0.11,HTTPS,165,0
2025-09-30 12:06:20,192.168.0.10,FTP,243,0
2025-09-30 12:06:20,192.168.0.11,TCP_OTHER,259,0
2025-09-30 12:06:20,192.168.0.11,FTP,0,853
2025-09-30 12:06:20,192.168.0.12,FTP,103,0
2025-09-30 12:06:20,192.168.0.13,HTTP,2228,0
2025-09-30 12:06:20,192.168.0.14,TCP_OTHER,775,0
2025-09-30 12:06:20,192.168.0.13,FTP,1143,1695
2025-09-30 12:06:20,192.168.0.10,TCP_OTHER,1009,0
2025-09-30 12:06:20,192.168.0.11,FTP,1491,943
2025-09-30 12:06:20,192.168.0.14,HTTP,0,1819
2025-09-30 12:06:20,192.168.0.11,HTTPS,0,1384
2025-09-30 12:06:20,192.168.0.13,TCP_OTHER,342,0
2025-09-30 12:06:20,192.168.0.11,HTTP,892,1679
2025-09-30 12:06:20,192.168.0.12,HTTP,0,443
2025-09-30 12:06:20,192.168.0.11,TCP_OTHER,786,0
2025-09-30 12:06:20,192.168.0.14,FTP,0,1084
2025-09-30 12:06:20,192.168.0.12,UDP_OTHER,0,637
2025-09-30 12:06:20,192.168.0.12,HTTP,801,1079
2025-09-30 12:06:20,192.168.0.13,FTP,1707,511
2025-09-30 12:06:20,192.168.0.10,UDP_OTHER,0,1503
2025-09-30 12:06:20,192.168.0.11,UDP_OTHER,0,990
2025-09-30 12:06:20,192.168.0.14,UDP_OTHER,276,0
2025-09-30 12:06:20,192.168.0.13,HTTP,1455,0
2025-09-30 12:06:20,192.168.0.11,FTP,0,1916
2025-09-30 12:06:20,192.168.0.14,HTTP,0,409
2025-09-30 12:06:20,192.168.0.12,FTP,0,299
2025-09-30 12:06:20,192.168.0.11,HTTP,0,134
2025-09-30 12:06:20,192.168.0.12,HTTPS,0,715
2025-09-30 12:06:20,192.168.0.12,TCP_OTHER,450,0
2025-09-30 12:06:20,192.168.0.14,HTTPS,1075,1405
2025-09-30 12:06:20,192.168.0.11,HTTPS,822,0
2025-09-30 12:06:20,192.168.0.13,UDP_OTHER,567,420
2025-09-30 12:06:20,192.168.0.10,UDP_OTHER,1762,519
2025-09-30 12:06:20,192.168.0.10,FTP,943,1538
2025-09-30 12:06:20,192.168.0.12,FTP,1786,0
2025-09-30 12:06:20,192.168.0.14,HTTP,515,0
2025-09-30 12:06:20,192.168.0.10,HTTPS,0,858
2025-09-30 12:06:20,192.168.0.10,TCP_OTHER,1337,1111
2025-09-30 12:06:20,192.168.0.14,UDP_OTHER,120,0
2025-09-30 12:06:20,192.168.0.12,TCP_OTHER,1202,0
2025-09-30 12:06:25,192.168.0.14,UDP_OTHER,390,0
2025-09-30 12:06:25,192.168.0.10,UDP_OTHER,596,345
2025-09-30 12:06:25,192.168.0.10,TCP_OTHER,2626,0
2025-09-30 12:06:25,192.168.0.14,TCP_OTHER,1105,0
2025-09-30 12:06:25,192.168.0.14,FTP,0,1977
2025-09-30 12:06:25,192.168.0.12,HTTPS,0,1281
2025-09-30 12:06:25,192.168.0.10,HTTPS,0,1724
2025-09-30 12:06:25,192.168.0.12,TCP_OTHER,507,0
2025-09-30 12:06:25,192.168.0.12,UDP_OTHER,1483,0
2025-09-30 12:06:25,192.168.0.14,HTTP,0,427
2025-09-30 12:06:25,192.168.0.12,FTP,0,1995
2025-09-30 12:06:25,192.168.0.12,HTTP,629,0
2025-09-30 12:06:25,192.168.0.12,FTP,0,2075
2025-09-30 12:06:25,192.168.0.13,HTTPS,3134,0
2025-09-30 12:06:25,192.168.0.14,FTP,877,0
2025-09-30 12:06:25,192.168.0.10,HTTP,0,2864
2025-09-30 12:06:25,192.168.0.10,FTP,1888,0
2025-09-30 12:06:25,192.168.0.11,HTTPS,1322,0
2025-09-30 12:06:25,192.168.0.14,UDP_OTHER,0,910
2025-09-30 12:06:25,192.168.0.14,TCP_OTHER,789,0
2025-09-30 12:06:25,192.168.0.11,UDP_OTHER,0,643
2025-09-30 12:06:25,192.168.0.14,HTTP,502,0
2025-09-30 12:06:25,192.168.0.11,HTTP,1965,0
2025-09-30 12:06:25,192.168.0.12,TCP_OTHER,0,467
2025-09-30 12:06:25,192.168.0.10,FTP,2693,0
2025-09-30 12:06:25,192.168.0.11,FTP,352,162
2025-09-30 12:06:25,192.168.0.10,UDP_OTHER,0,421
2025-09-30 12:06:25,192.168.0.13,TCP_OTHER,0,2343
2025-09-30 12:06:25,192.168.0.13,FTP,1360,1701
2025-09-30 12:06:25,192.168.0.13,HTTP,261,1726
2025-09-30 12:06:25,192.168.0.12,HTTP,2069,1748
2025-09-30 12:06:25,192.168.0.13,HTTPS,933,656
2025-09-30 12:06:25,192.168.0.13,UDP_OTHER,0,1714
2025-09-30 12:06:25,192.168.0.12,HTTPS,862,0
2025-09-30 12:06:25,192.168.0.14,UDP_OTHER,1951,0
2025-09-30 12:06:25,192.168.0.11,TCP_OTHER,0,1358
2025-09-30 12:06:25,192.168.0.11,HTTPS,0,672
2025-09-30 12:06:25,192.168.0.10,TCP_OTHER,0,1503
2025-09-30 12:06:25,192.168.0.14,HTTPS,0,3027
2025-09-30 12:06:25,192.168.0.13,HTTPS,0,964
2025-09-30 12:06:25,192.168.0.13,FTP,2359,0
2025-09-30 12:06:25,192.168.0.10,TCP_OTHER,0,1074
2025-09-30 12:06:25,192.168.0.12,HTTPS,833,2335
2025-09-30 12:06:25,192.168.0.11,HTTPS,807,1653
2025-09-30 12:06:25,192.168.0.13,TCP_OTHER,176,0
2025-09-30 12:06:25,192.168.0.12,HTTP,1377,0
2025-09-30 12:06:25,192.168.0.10,HTTP,956,1134
2025-09-30 12:06:25,192.168.0.12,UDP_OTHER,0,1088
2025-09-30 12:06:25,192.168.0.10,HTTPS,0,1828
2025-09-30 12:06:25,192.168.0.14,FTP,254,0
2025-09-30 12:06:25,192.168.0.12,TCP_OTHER,0,628
2025-09-30 12:06:25,192.168.0.11,TCP_OTHER,1535,0
2025-09-30 12:06:25,192.168.0.12,HTTP,280,0
2025-09-30 12:06:25,192.168.0.10,HTTP,0,1671
2025-09-30 12:06:25,192.168.0.14,FTP,0,389
2025-09-30 12:06:25,192.168.0.12,FTP,1487,0
2025-09-30 12:06:25,192.168.0.12,UDP_OTHER,1568,545
2025-09-30 12:06:25,192.168.0.11,UDP_OTHER,0,470
2025-09-30 12:06:25,192.168.0.14,HTTP,1545,0
2025-09-30 12:06:30,192.168.0.11,HTTPS,2660,0
2025-09-30 12:06:30,192.168.0.14,UDP_OTHER,1284,0
2025-09-30 12:06:30,192.168.0.11,UDP_OTHER,2752,0
2025-09-30 12:06:30,192.168.0.10,UDP_OTHER,0,512
2025-09-30 12:06:30,192.168.0.13,HTTP,3591,1499
2025-09-30 12:06:30,192.168.0.13,UDP_OTHER,0,1015
2025-09-30 12:06:30,192.168.0.14,FTP,916,0
2025-09-30 12:06:30,192.168.0.10,HTTP,968,0
2025-09-30 12:06:30,192.168.0.14,TCP_OTHER,708,1703
2025-09-30 12:06:30,192.168.0.14,HTTP,1784,0
2025-09-30 12:06:30,192.168.0.11,TCP_OTHER,406,0
2025-09-30 12:06:30,192.168.0.12,HTTP,1668,0
2025-09-30 12:06:30,192.168.0.12,UDP_OTHER,0,1984
2025-09-30 12:06:30,192.168.0.14,HTTP,1063,1403
2025-09-30 12:06:30,192.168.0.10,UDP_OTHER,0,1554
2025-09-30 12:06:30,192.168.0.11,FTP,1424,0
2025-09-30 12:06:30,192.168.0.10,HTTPS,0,508
2025-09-30 12:06:30,192.168.0.14,FTP,0,1354
2025-09-30 12:06:30,192.168.0.12,FTP,2858,0
2025-09-30 12:06:30,192.168.0.12,TCP_OTHER,0,294
2025-09-30 12:06:30,192.168.0.14,HTTPS,589,721
2025-09-30 12:06:30,192.168.0.11,HTTPS,1473,1712
2025-09-30 12:06:30,192.168.0.12,HTTP,0,1752
2025-09-30 12:06:30,192.168.0.12,UDP_OTHER,1029,0
2025-09-30 12:06:30,192.168.0.11,TCP_OTHER,0,146
2025-09-30 12:06:30,192.168.0.11,UDP_OTHER,467,0
2025-09-30 12:06:30,192.168.0.12,TCP_OTHER,3044,1135
2025-09-30 12:06:30,192.168.0.14,HTTPS,0,1670
2025-09-30 12:06:30,192.168.0.13,HTTP,0,2771
2025-09-30 12:06:30,192.168.0.12,UDP_OTHER,1975,1853
2025-09-30 12:06:30,192.168.0.11,HTTP,1977,0
2025-09-30 12:06:30,192.168.0.13,UDP_OTHER,341,0
2025-09-30 12:06:30,192.168.0.13,FTP,1097,0
2025-09-30 12:06:30,192.168.0.11,TCP_OTHER,991,1535
2025-09-30 12:06:30,192.168.0.14,TCP_OTHER,4705,0
2025-09-30 12:06:30,192.168.0.12,HTTPS,1994,0
2025-09-30 12:06:30,192.168.0.12,FTP,219,0
2025-09-30 12:06:30,192.168.0.10,HTTPS,0,1546
2025-09-30 12:06:30,192.168.0.14,TCP_OTHER,2062,0
2025-09-30 12:06:30,192.168.0.11,HTTP,0,1305
2025-09-30 12:06:30,192.168.0.12,TCP_OTHER,918,0
2025-09-30 12:06:30,192.168.0.10,HTTP,668,0
2025-09-30 12:06:30,192.168.0.14,HTTP,1096,486
2025-09-30 12:06:30,192.168.0.13,TCP_OTHER,0,1513
2025-09-30 12:06:30,192.168.0.12,FTP,1876,0
2025-09-30 12:06:30,192.168.0.14,UDP_OTHER,136,0
2025-09-30 12:06:30,192.168.0.13,HTTP,0,1875
2025-09-30 12:06:30,192.168.0.12,HTTPS,796,0
2025-09-30 12:06:30,192.168.0.13,FTP,1527,0
2025-09-30 12:06:30,192.168.0.11,FTP,1693,0
2025-09-30 12:06:30,192.168.0.12,UDP_OTHER,367,0
2025-09-30 12:06:30,192.168.0.11,FTP,652,0
2025-09-30 12:06:30,192.168.0.12,TCP_OTHER,3134,0
2025-09-30 12:06:30,192.168.0.14,TCP_OTHER,0,384
2025-09-30 12:06:30,192.168.0.10,FTP,0,167
2025-09-30 12:06:30,192.168.0.14,HTTPS,1515,0
2025-09-30 12:06:30,192.168.0.13,HTTP,0,606
2025-09-30 12:06:30,192.168.0.13,TCP_OTHER,1199,0
2025-09-30 12:06:35,192.168.0.12,TCP_OTHER,0,1583
2025-09-30 12:06:35,192.168.0.11,HTTPS,1455,0
2025-09-30 12:06:35,192.168.0.13,TCP_OTHER,1912,0
2025-09-30 12:06:35,192.168.0.11,UDP_OTHER,3549,0
2025-09-30 12:06:35,192.168.0.11,TCP_OTHER,0,1763
2025-09-30 12:06:35,192.168.0.14,HTTP,673,0
2025-09-30 12:06:35,192.168.0.10,HTTPS,1224,0
2025-09-30 12:06:35,192.168.0.10,HTTP,514,1078
2025-09-30 12:06:35,192.168.0.13,HTTP,3585,0
2025-09-30 12:06:35,192.168.0.10,FTP,103,0
2025-09-30 12:06:35,192.168.0.13,HTTPS,1188,334
2025-09-30 12:06:35,192.168.0.12,HTTP,0,1683
2025-09-30 12:06:35,192.168.0.12,HTTPS,0,1591
2025-09-30 12:06:35,192.168.0.14,HTTPS,905,0
2025-09-30 12:06:35,192.168.0.11,HTTP,413,0
2025-09-30 12:06:35,192.168.0.12,UDP_OTHER,1443,1305
2025-09-30 12:06:35,192.168.0.10,TCP_OTHER,1875,0
2025-09-30 12:06:35,192.168.0.10,HTTPS,863,0
2025-09-30 12:06:35,192.168.0.10,UDP_OTHER,3604,833
2025-09-30 12:06:35,192.168.0.11,FTP,915,553
2025-09-30 12:06:35,192.168.0.14,FTP,698,0
2025-09-30 12:06:35,192.168.0.11,HTTP,0,2303
2025-09-30 12:06:35,192.168.0.12,HTTPS,2478,0
2025-09-30 12:06:35,192.168.0.13,TCP_OTHER,0,1679
2025-09-30 12:06:35,192.168.0.14,TCP_OTHER,1255,1799
2025-09-30 12:06:35,192.168.0.12,HTTP,373,0
2025-09-30 12:06:35,192.168.0.13,HTTP,0,1119
2025-09-30 12:06:35,192.168.0.14,HTTP,736,0
2025-09-30 12:06:35,192.168.0.14,HTTPS,988,0
2025-09-30 12:06:35,192.168.0.11,TCP_OTHER,0,277
2025-09-30 12:06:35,192.168.0.12,TCP_OTHER,952,0
2025-09-30 12:06:35,192.168.0.12,FTP,0,253
2025-09-30 12:06:35,192.168.0.13,HTTPS,2186,0
2025-09-30 12:06:35,192.168.0.14,HTTP,1490,0
2025-09-30 12:06:35,192.168.0.14,HTTPS,1161,0
2025-09-30 12:06:35,192.168.0.11,UDP_OTHER,1336,1218
2025-09-30 12:06:35,192.168.0.13,UDP_OTHER,1319,0
2025-09-30 12:06:35,192.168.0.11,TCP_OTHER,0,1590
2025-09-30 12:06:35,192.168.0.10,FTP,0,1633
2025-09-30 12:06:35,192.168.0.14,FTP,336,0
2025-09-30 12:06:35,192.168.0.10,TCP_OTHER,1271,0
2025-09-30 12:06:35,192.168.0.12,TCP_OTHER,1972,0
2025-09-30 12:06:35,192.168.0.14,TCP_OTHER,463,0
2025-09-30 12:06:35,192.168.0.11,HTTPS,819,0
2025-09-30 12:06:35,192.168.0.13,HTTP,860,0
2025-09-30 12:06:35,192.168.0.10,UDP_OTHER,354,0
2025-09-30 12:06:35,192.168.0.14,UDP_OTHER,434,0
2025-09-30 12:06:35,192.168.0.13,HTTPS,2380,0
2025-09-30 12:06:35,192.168.0.12,FTP,0,310
2025-09-30 12:06:35,192.168.0.14,TCP_OTHER,1601,1775
2025-09-30 12:06:35,192.168.0.12,UDP_OTHER,1925,401
2025-09-30 12:06:35,192.168.0.11,HTTP,0,1057
2025-09-30 12:06:35,192.168.0.12,HTTP,4360,879
2025-09-30 12:06:35,192.168.0.10,TCP_OTHER,1554,2843
2025-09-30 12:06:35,192.168.0.13,FTP,2316,928
2025-09-30 12:06:35,192.168.0.12,TCP_OTHER,210,0
2025-09-30 12:06:35,192.168.0.14,UDP_OTHER,1801,0
2025-09-30 12:06:35,192.168.0.14,HTTPS,649,0
2025-09-30 12:06:35,192.168.0.11,TCP_OTHER,355,1842
2025-09-30 12:06:35,192.168.0.11,FTP,507,0
2025-09-30 12:06:35,192.168.0.10,HTTP,1930,0
2025-09-30 12:06:35,192.168.0.11,HTTPS,762,0
2025-09-30 12:06:35,192.168.0.12,HTTPS,1836,0
2025-09-30 12:06:35,192.168.0.11,FTP,430,0
2025-09-30 12:06:35,192.168.0.13,FTP,3151,0
2025-09-30 12:06:35,192.168.0.12,FTP,802,0
2025-09-30 12:06:35,192.168.0.13,HTTP,1868,0
2025-09-30 12:06:40,192.168.0.13,TCP_OTHER,0,1624
2025-09-30 12:06:40,192.168.0.11,UDP_OTHER,0,1902
2025-09-30 12:06:40,192.168.0.12,HTTPS,691,0
2025-09-30 12:06:40,192.168.0.11,TCP_OTHER,2829,0
2025-09-30 12:06:40,192.168.0.13,UDP_OTHER,209,0
2025-09-30 12:06:40,192.168.0.14,HTTPS,0,783
2025-09-30 12:06:40,192.168.0.10,HTTP,206,270
2025-09-30 12:06:40,192.168.0.11,HTTP,0,2207
2025-09-30 12:06:40,192.168.0.12,UDP_OTHER,844,0
2025-09-30 12:06:40,192.168.0.11,HTTPS,1624,0
2025-09-30 12:06:40,192.168.0.14,UDP_OTHER,1703,1325
2025-09-30 12:06:40,192.168.0.13,FTP,1553,0
2025-09-30 12:06:40,192.168.0.12,TCP_OTHER,0,1700
2025-09-30 12:06:40,192.168.0.10,FTP,380,0
2025-09-30 12:06:40,192.168.0.13,HTTP,384,0
